n,1_over_n,log2_n,12sqrt_n,50sqrt_n,n_pow_051,2pow32_n,nlogn,n2_minus324,100n2_plus6n,2n3,nlogpower,3pow_n
100,-2,0.82242,2.079181,2.69897,1.02,11.63296,2.82242,3.985696,6.00026,6.30103,13.287712,47.712125
200,-2.30103,0.883313,2.229696,2.849485,1.173525,11.93399,3.184343,4.598528,6.60219,7.20412,17.588742,95.424251
300,-2.477121,0.915337,2.317742,2.937531,1.263332,12.110081,3.392459,4.952676,6.954329,7.732394,20.383782,143.136376
400,-2.60206,0.936708,2.380211,3,1.327051,12.23502,3.538768,5.20324,7.204185,8.10721,22.491832,190.848502
500,-2.69897,0.952588,2.428666,3.048455,1.376475,12.33193,3.651558,5.397377,7.397992,8.39794,24.198383,238.560627
600,-2.778151,0.965146,2.468257,3.088046,1.416857,12.411111,3.743297,5.555911,7.556346,8.635484,25.639054,286.272753
700,-2.845098,0.975487,2.50173,3.121519,1.451,12.478058,3.820586,5.689909,7.690233,8.836324,26.889622,333.984878
800,-2.90309,0.984251,2.530726,3.150515,1.480576,12.53605,3.887341,5.80596,7.806213,9.0103,27.996982,381.697004
900,-2.954243,0.991836,2.556303,3.176091,1.506664,12.587202,3.946079,5.908311,7.908514,9.163758,28.99229,429.409129
1000,-3,0.998511,2.579181,3.19897,1.53,12.63296,3.998511,5.999859,8.000026,9.30103,29.897353,477.121255
1100,-3.041393,1.004463,2.599878,3.219666,1.55111,12.674353,4.045855,6.082669,8.082809,9.425208,30.728066,524.83338
1200,-3.079181,1.009825,2.618772,3.238561,1.570382,12.712141,4.089007,6.158265,8.158384,9.538574,31.496387,572.545506
1300,-3.113943,1.014701,2.636153,3.255942,1.588111,12.746903,4.128644,6.227803,8.227907,9.64286,32.211551,620.257631
1400,-3.146128,1.019167,2.652245,3.272034,1.604525,12.779088,4.165295,6.292184,8.292275,9.739414,32.880848,667.969757
1500,-3.176091,1.023283,2.667227,3.287016,1.619807,12.809051,4.199374,6.35212,8.3522,9.829304,33.510135,715.681882
1600,-3.20412,1.027099,2.681241,3.30103,1.634101,12.83708,4.231219,6.408185,8.408256,9.91339,34.104192,763.394008
1700,-3.230449,1.030653,2.694406,3.314194,1.647529,12.863409,4.261102,6.460849,8.460913,9.992377,34.666978,811.106133
1800,-3.255273,1.033978,2.706817,3.326606,1.660189,12.888232,4.28925,6.510502,8.510559,10.066848,35.201805,858.818258
1900,-3.278754,1.037099,2.718558,3.338347,1.672164,12.911713,4.315853,6.557468,8.557521,10.137291,35.711475,906.530384
2000,-3.30103,1.04004,2.729696,3.349485,1.683525,12.93399,4.34107,6.602025,8.602073,10.20412,36.198383,954.242509
2100,-3.322219,1.042819,2.740291,3.36008,1.694332,12.955179,4.365038,6.644407,8.644451,10.267688,36.664589,1001.954635
2200,-3.342423,1.045452,2.750393,3.370181,1.704636,12.975383,4.387874,6.684816,8.684857,10.328298,37.111881,1049.66676
2300,-3.361728,1.047953,2.760045,3.379834,1.714481,12.994688,4.409681,6.723429,8.723467,10.386214,37.54182,1097.378886
2400,-3.380211,1.050334,2.769287,3.389076,1.723908,13.013171,4.430545,6.760398,8.760433,10.441664,37.955779,1145.091011
2500,-3.39794,1.052606,2.778151,3.39794,1.732949,13.0309,4.450546,6.795858,8.79589,10.49485,38.35497,1192.803137
2600,-3.414973,1.054778,2.786668,3.406457,1.741636,13.047933,4.469751,6.829926,8.829957,10.54595,38.740468,1240.515262
2700,-3.431364,1.056857,2.794863,3.414652,1.749996,13.064324,4.488221,6.862708,8.862737,10.595121,39.113236,1288.227388
2800,-3.447158,1.058851,2.80276,3.422549,1.758051,13.080118,4.506009,6.894298,8.894325,10.642504,39.474134,1335.939513
2900,-3.462398,1.060767,2.81038,3.430169,1.765823,13.095358,4.523165,6.924779,8.924805,10.688224,39.823938,1383.651639
3000,-3.477121,1.06261,2.817742,3.437531,1.773332,13.110081,4.539731,6.954227,8.954251,10.732394,40.163347,1431.363764
3100,-3.491362,1.064385,2.824862,3.444651,1.780594,13.124322,4.555747,6.982709,8.982732,10.775115,40.492996,1479.07589
3200,-3.50515,1.066097,2.831756,3.451545,1.787626,13.13811,4.571247,7.010286,9.010308,10.81648,40.813462,1526.788015
3300,-3.518514,1.06775,2.838438,3.458227,1.794442,13.151474,4.586263,7.037015,9.037036,10.856572,41.125272,1574.500141
3400,-3.531479,1.069347,2.844921,3.464709,1.801054,13.164439,4.600826,7.062946,9.062965,10.895467,41.428906,1622.212266
3500,-3.544068,1.070892,2.851215,3.471004,1.807475,13.177028,4.61496,7.088125,9.088144,10.933234,41.724806,1669.924392
3600,-3.556303,1.072389,2.857332,3.477121,1.813714,13.189262,4.628691,7.112594,9.112612,10.969937,42.01338,1717.636517
3700,-3.568202,1.07384,2.863282,3.483071,1.819783,13.201162,4.642041,7.136393,9.13641,11.005635,42.295,1765.348642
3800,-3.579784,1.075247,2.869073,3.488862,1.82569,13.212743,4.655031,7.159557,9.159574,11.040381,42.570012,1813.060768
3900,-3.591065,1.076613,2.874714,3.494502,1.831443,13.224024,4.667678,7.18212,9.182136,11.074224,42.838738,1860.772893
4000,-3.60206,1.077941,2.880211,3.5,1.837051,13.23502,4.680001,7.204111,9.204126,11.10721,43.101473,1908.485019
4100,-3.612784,1.079232,2.885573,3.505362,1.84252,13.245744,4.692016,7.225559,9.225574,11.139382,43.358494,1956.197144
4200,-3.623249,1.080488,2.890806,3.510595,1.847857,13.256209,4.703738,7.246491,9.246505,11.170778,43.610058,2003.90927
4300,-3.633468,1.081712,2.895915,3.515704,1.853069,13.266428,4.71518,7.266929,9.266943,11.201435,43.856404,2051.621395
4400,-3.643453,1.082903,2.900908,3.520696,1.858161,13.276413,4.726356,7.286898,9.286911,11.231388,44.097756,2099.333521
4500,-3.653213,1.084065,2.905788,3.525576,1.863138,13.286172,4.737278,7.306418,9.306431,11.260668,44.334325,2147.045646
4600,-3.662758,1.085198,2.91056,3.530349,1.868006,13.295718,4.747956,7.325509,9.325521,11.289303,44.566306,2194.757772
4700,-3.672098,1.086304,2.91523,3.535019,1.87277,13.305058,4.758402,7.344189,9.344201,11.317324,44.793884,2242.469897
4800,-3.681241,1.087385,2.919802,3.539591,1.877433,13.314201,4.768626,7.362476,9.362488,11.344754,45.017232,2290.182023
4900,-3.690196,1.08844,2.924279,3.544068,1.882,13.323156,4.778636,7.380386,9.380397,11.371618,45.236512,2337.894148
5000,-3.69897,1.089471,2.928666,3.548455,1.886475,13.33193,4.788441,7.397934,9.397945,11.39794,45.45188,2385.606274
5100,-3.70757,1.09048,2.932966,3.552755,1.890861,13.34053,4.79805,7.415135,9.415145,11.423741,45.663478,2433.318399
5200,-3.716003,1.091466,2.937183,3.556972,1.895162,13.348963,4.80747,7.432001,9.432012,11.44904,45.871445,2481.030525
5300,-3.724276,1.092432,2.941319,3.561108,1.899381,13.357236,4.816708,7.448547,9.448557,11.473858,46.075909,2528.74265
5400,-3.732394,1.093378,2.945378,3.565167,1.903521,13.365354,4.825771,7.464783,9.464792,11.498211,46.276994,2576.454775
5500,-3.740363,1.094304,2.949363,3.569151,1.907585,13.373323,4.834667,7.480721,9.48073,11.522118,46.474814,2624.166901
5600,-3.748188,1.095212,2.953275,3.573064,1.911576,13.381148,4.8434,7.496372,9.496381,11.545594,46.66948,2671.879026
5700,-3.755875,1.096101,2.957119,3.576907,1.915496,13.388835,4.851976,7.511745,9.511754,11.568655,46.861097,2719.591152
5800,-3.763428,1.096974,2.960895,3.580684,1.919348,13.396388,4.860402,7.526852,9.52686,11.591314,47.049764,2767.303277
5900,-3.770852,1.09783,2.964607,3.584396,1.923135,13.403812,4.868682,7.5417,9.541708,11.613586,47.235575,2815.015403
6000,-3.778151,1.09867,2.968257,3.588046,1.926857,13.411111,4.876821,7.556299,9.556307,11.635484,47.41862,2862.727528
6100,-3.78533,1.099494,2.971846,3.591635,1.930518,13.41829,4.884824,7.570656,9.570664,11.65702,47.598984,2910.439654
6200,-3.792392,1.100303,2.975377,3.595166,1.93412,13.425352,4.892695,7.58478,9.584788,11.678205,47.77675,2958.151779
6300,-3.799341,1.101098,2.978852,3.59864,1.937664,13.4323,4.900439,7.598678,9.598685,11.699052,47.951994,3005.863905
6400,-3.80618,1.10188,2.982271,3.60206,1.941152,13.43914,4.90806,7.612357,9.612364,11.71957,48.124792,3053.57603
6500,-3.812913,1.102647,2.985638,3.605427,1.944586,13.445873,4.915561,7.625823,9.625831,11.73977,48.295215,3101.288156
6600,-3.819544,1.103402,2.988953,3.608742,1.947967,13.452504,4.922946,7.639085,9.639092,11.759662,48.46333,3149.000281
6700,-3.826075,1.104144,2.992219,3.612007,1.951298,13.459035,4.930218,7.652146,9.652153,11.779254,48.629202,3196.712407
6800,-3.832509,1.104873,2.995436,3.615224,1.95458,13.465469,4.937382,7.665015,9.665022,11.798557,48.792894,3244.424532
6900,-3.838849,1.105591,2.998606,3.618395,1.957813,13.471809,4.94444,7.677695,9.677702,11.817577,48.954465,3292.136658
7000,-3.845098,1.106298,3.00173,3.621519,1.961,13.478058,4.951396,7.690193,9.6902,11.836324,49.113973,3339.848783
7100,-3.851258,1.106993,3.00481,3.624599,1.964142,13.484218,4.958251,7.702514,9.70252,11.854805,49.271472,3387.560909
7200,-3.857332,1.107677,3.007847,3.627636,1.96724,13.490292,4.96501,7.714662,9.714669,11.873027,49.427015,3435.273034
7300,-3.863323,1.108351,3.010843,3.630631,1.970295,13.496283,4.971674,7.726643,9.726649,11.890999,49.580652,3482.985159
7400,-3.869232,1.109015,3.013797,3.633586,1.973308,13.502192,4.978247,7.738461,9.738467,11.908725,49.732433,3530.697285
7500,-3.875061,1.109669,3.016712,3.636501,1.976281,13.508021,4.98473,7.75012,9.750126,11.926214,49.882404,3578.40941
7600,-3.880814,1.110313,3.019588,3.639377,1.979215,13.513773,4.991127,7.761625,9.761631,11.943471,50.030609,3626.121536
7700,-3.886491,1.110948,3.022427,3.642215,1.98211,13.519451,4.997439,7.772979,9.772985,11.960502,50.177093,3673.833661
7800,-3.892095,1.111574,3.025229,3.645017,1.984968,13.525054,5.003668,7.784187,9.784193,11.977314,50.321897,3721.545787
7900,-3.897627,1.112191,3.027995,3.647784,1.98779,13.530587,5.009818,7.795252,9.795257,11.993911,50.46506,3769.257912
8000,-3.90309,1.112799,3.030726,3.650515,1.990576,13.53605,5.015889,7.806178,9.806183,12.0103,50.606623,3816.970038
8100,-3.908485,1.113399,3.033424,3.653213,1.993327,13.541445,5.021884,7.816968,9.816973,12.026485,50.746621,3864.682163
8200,-3.913814,1.11399,3.036088,3.655877,1.996045,13.546774,5.027804,7.827626,9.827631,12.042472,50.885091,3912.394289
8300,-3.919078,1.114574,3.03872,3.658509,1.99873,13.552038,5.033652,7.838154,9.838159,12.058264,51.022069,3960.106414
8400,-3.924279,1.11515,3.041321,3.66111,2.001382,13.557239,5.039429,7.848557,9.848562,12.073868,51.157586,4007.81854
8500,-3.929419,1.115719,3.043891,3.663679,2.004004,13.562379,5.045137,7.858836,9.858841,12.089287,51.291676,4055.530665
8600,-3.934498,1.11628,3.04643,3.666219,2.006594,13.567458,5.050778,7.868995,9.869,12.104525,51.424371,4103.242791
8700,-3.939519,1.116833,3.048941,3.66873,2.009155,13.572479,5.056353,7.879037,9.879042,12.119588,51.555699,4150.954916
8800,-3.944483,1.11738,3.051423,3.671211,2.011686,13.577443,5.061863,7.888964,9.888968,12.134478,51.685692,4198.667042
8900,-3.94939,1.11792,3.053876,3.673665,2.014189,13.58235,5.06731,7.898778,9.898783,12.1492,51.814376,4246.379167
9000,-3.954243,1.118454,3.056303,3.676091,2.016664,13.587202,5.072696,7.908483,9.908488,12.163758,51.94178,4294.091292
9100,-3.959041,1.11898,3.058702,3.678491,2.019111,13.592001,5.078022,7.918081,9.918086,12.178154,52.06793,4341.803418
9200,-3.963788,1.119501,3.061075,3.680864,2.021532,13.596748,5.083288,7.927574,9.927578,12.192393,52.192852,4389.515543
9300,-3.968483,1.120015,3.063423,3.683211,2.023926,13.601443,5.088498,7.936964,9.936969,12.206479,52.31657,4437.227669
9400,-3.973128,1.120523,3.065745,3.685534,2.026295,13.606088,5.093651,7.946254,9.946258,12.220414,52.43911,4484.939794
9500,-3.977724,1.121025,3.068043,3.687832,2.028639,13.610683,5.098748,7.955446,9.95545,12.234201,52.560493,4532.65192
9600,-3.982271,1.121521,3.070317,3.690106,2.030958,13.615231,5.103792,7.964541,9.964545,12.247844,52.680744,4580.364045
9700,-3.986772,1.122012,3.072567,3.692356,2.033254,13.619732,5.108783,7.973542,9.973546,12.261345,52.799884,4628.076171
9800,-3.991226,1.122497,3.074794,3.694583,2.035525,13.624186,5.113723,7.982451,9.982455,12.274708,52.917934,4675.788296
9900,-3.995635,1.122976,3.076999,3.696788,2.037774,13.628595,5.118611,7.991269,9.991273,12.287936,53.034916,4723.500422
10000,-4,1.12345,3.079181,3.69897,2.04,13.63296,5.12345,7.999999,10.000003,12.30103,53.15085,4771.212547
